"sample","PC1","PC2","pipeline"
"Bustos1",-0.35360238851289,0.0595037432394457,"mothur"
"Bustos10",-0.264230231533714,0.0198146522354856,"mothur"
"Bustos11",-0.371893987350202,0.0888479067142232,"mothur"
"Bustos12",-0.263818728725603,0.000428099286747325,"mothur"
"Bustos13",0.509350785987942,0.112224549160791,"mothur"
"Bustos14",0.500961856115033,0.119028819943878,"mothur"
"Bustos15",0.531495969659995,0.094381588048298,"mothur"
"Bustos16",-0.372022268079679,0.0908001114655379,"mothur"
"Bustos17",-0.342048979309846,0.0523422426382868,"mothur"
"Bustos18",-0.0537243518488376,-0.300910452182036,"mothur"
"Bustos19",0.29345938244469,0.266294227884015,"mothur"
"Bustos2",-0.367967156423591,0.0657882226465608,"mothur"
"Bustos20",0.140126087977712,-0.355719432016448,"mothur"
"Bustos21",0.134640148043157,-0.356784815627952,"mothur"
"Bustos22",-0.366871941377349,0.0803971537150406,"mothur"
"Bustos23",-0.172482341676828,-0.0888459334409135,"mothur"
"Bustos24",-0.351444913500888,0.0766095199373098,"mothur"
"Bustos25",0.56194696051501,0.179021018686431,"mothur"
"Bustos26",0.159671284686844,-0.591763959726627,"mothur"
"Bustos27",0.25197880890097,-0.49017423863667,"mothur"
"Bustos28",-0.365774048385929,0.0684541335404928,"mothur"
"Bustos29",-0.338559548530199,0.0722962375844136,"mothur"
"Bustos3",-0.300050918791629,0.0501244406693326,"mothur"
"Bustos30",0.117478294203738,-0.434414197267508,"mothur"
"Bustos31",0.490752817978531,0.00799440444109867,"mothur"
"Bustos32",0.541137275550395,0.186410393224382,"mothur"
"Bustos33",0.492517645986368,0.0916591978225846,"mothur"
"Bustos34",-0.345289093549025,0.071538150022749,"mothur"
"Bustos35",-0.375762231032066,0.0732272172680342,"mothur"
"Bustos36",-0.363080085797629,0.070318162631617,"mothur"
"Bustos4",0.523386740493059,0.150064093055077,"mothur"
"Bustos5",0.529460646336018,0.109486272701442,"mothur"
"Bustos6",0.572980215130951,0.174213185613132,"mothur"
"Bustos7",-0.303405409171592,0.0667167483738454,"mothur"
"Bustos8",-0.370675809958913,0.0810141958186721,"mothur"
"Bustos9",-0.308640486454006,0.0396143405292305,"mothur"
