"pipeline","phylum","mean_rel_abundance"
"MetagenApp","Bacillota",0.429441796319741
"MetagenApp","Pseudomonadota",0.271456028866014
"MetagenApp","Bacteroidota",0.16432541243064
"MetagenApp","Actinomycetota",0.0823849776939329
"MetagenApp","Fusobacteriota",0.0340924975651027
"MetagenApp","Patescibacteria",0.00871801727913255
"MetagenApp","Campylobacterota",0.00351176954354826
"MetagenApp","Cyanobacteriota",3.24557043013048e-05
"MetagenApp","Unclassified",0.00402718175730058
"MetagenApp","Other",0.00200986284028711
"mothur","Bacillota",0.333661559681877
"mothur","Pseudomonadota",0.379283779021
"mothur","Bacteroidota",0.147793172860289
"mothur","Actinomycetota",0.0882919545746104
"mothur","Fusobacteriota",0.037118050389868
"mothur","Patescibacteria",0.00828945111344854
"mothur","Campylobacterota",0.00367825190805329
"mothur","Cyanobacteriota",2.88613046436014e-05
"mothur","Unclassified",0
"mothur","Other",0.00185491914620972
"QIIME2","Bacillota",0.401233299947995
"QIIME2","Pseudomonadota",0.340175472595492
"QIIME2","Bacteroidota",0.132211620768937
"QIIME2","Actinomycetota",0.0743186466745306
"QIIME2","Fusobacteriota",0.0381452069162517
"QIIME2","Patescibacteria",0.00888749863424749
"QIIME2","Campylobacterota",0.00389946609612321
"QIIME2","Cyanobacteriota",0.000550563842736332
"QIIME2","Unclassified",2.05500364029216e-05
"QIIME2","Other",0.000557674487283911
