Phylum	Bustos10_S310_L001	Bustos11_S322_L001	Bustos12_S334_L001	Bustos13_S346_L001	Bustos14_S358_L001	Bustos15_S370_L001	Bustos16_S382_L001	Bustos17_S299_L001	Bustos18_S311_L001	Bustos19_S323_L001	Bustos1_S297_L001	Bustos20_S335_L001	Bustos21_S347_L001	Bustos22_S359_L001	Bustos23_S371_L001	Bustos24_S383_L001	Bustos25_S300_L001	Bustos26_S312_L001	Bustos27_S324_L001	Bustos28_S336_L001	Bustos29_S348_L001	Bustos2_S309_L001	Bustos30_S360_L001	Bustos31_S372_L001	Bustos32_S384_L001	Bustos33_S320_L001	Bustos34_S332_L001	Bustos35_S344_L001	Bustos36_S356_L001	Bustos3_S321_L001	Bustos4_S333_L001	Bustos5_S345_L001	Bustos6_S357_L001	Bustos7_S369_L001	Bustos8_S381_L001	Bustos9_S298_L001
Acidobacteriota	2	1	3	3	12	5	2	1	4	2	1	0	2	4	0	1	0	1	2	6	2	1	3	4	0	3	0	1	2	2	7	5	4	1	1	1
Actinomycetota	1158	2855	1205	978	7777	644	1546	1702	517	303	1493	79	96	1028	1565	493	452	419	381	1227	1328	582	349	1508	2214	2930	3794	1349	914	8709	5687	448	511	2145	466	891
Aquificota	0	0	0	0	0	0	0	1	0	0	0	0	0	0	0	0	0	0	0	0	0	0	0	0	0	0	0	0	0	0	0	0	0	0	0	0
Armatimonadota	0	0	0	1	0	0	0	0	0	0	0	0	0	0	0	0	1	0	0	0	0	0	0	1	0	0	0	0	0	1	0	1	0	0	0	0
Bacillota	7875	19691	11521	1727	14089	1804	10720	12794	2637	18498	10666	24	102	14226	15470	8729	10200	477	3726	21470	15372	11601	1191	4253	7118	2546	29268	22088	14215	8771	11765	41535	27290	22665	5083	8367
Bacteroidota	4305	17026	13369	815	632	618	12636	7503	3043	1000	8640	21	22	15741	2297	6107	274	14	292	19361	27041	11656	757	462	481	497	22169	22427	12060	9582	617	454	368	6554	5657	7473
Bdellovibrionota	0	1	1	2	0	3	0	1	1	0	0	1	0	3	0	1	0	10	2	2	2	4	12	1	1	0	2	4	2	2	1	2	1	1	0	2
Campylobacterota	84	492	325	1	2	6	102	220	75	7	146	0	0	389	92	177	0	0	7	238	739	99	16	1	5	1	276	609	132	262	53	2	2	163	26	87
Candidatus Eremiobacterota	0	0	0	0	0	0	0	0	1	0	0	0	0	0	0	0	0	0	0	0	0	0	0	0	0	0	0	0	0	0	0	0	0	0	0	0
Candidatus Kapabacteria	0	0	0	0	0	0	0	1	0	0	1	0	0	0	0	0	0	0	0	0	0	0	0	0	0	0	0	0	0	0	0	0	0	0	0	0
Candidatus Kryptonia	0	0	0	0	0	0	0	0	0	0	0	1	0	0	0	0	0	0	1	0	0	2	0	0	0	0	0	0	0	0	0	0	0	0	0	1
Chlamydiota	0	0	0	0	0	0	0	0	0	6	0	0	0	0	0	0	0	0	0	0	0	0	1	0	0	0	0	0	0	0	0	0	0	0	0	1
Chloroflexota	1	9	30	14	143	9	24	44	32	18	37	1	4	22	135	5	34	39	5	64	27	57	67	26	61	9	61	95	80	45	131	21	31	9	9	24
Cyanobacteriota	0	0	10	11	57	16	14	5	0	3	1	0	0	6	3	0	3	1	0	6	6	5	0	12	31	6	4	4	1	0	15	9	1	6	2	1
Deferribacterota	0	0	0	1	0	0	0	0	0	0	0	0	0	0	0	0	0	0	0	0	0	0	1	1	0	0	0	0	0	0	0	0	0	0	0	0
Deinococcota	1	1	0	0	4	4	0	0	0	0	0	0	0	0	1	0	0	0	0	0	0	0	0	1	4	0	0	0	0	0	0	1	0	0	0	0
Elusimicrobiota	0	0	1	0	0	0	0	0	0	0	0	0	0	0	0	0	0	0	0	0	0	0	0	0	0	0	1	1	0	0	0	0	1	0	0	1
Entotheonellaeota	0	0	0	0	0	0	0	0	0	0	0	0	0	0	0	0	0	0	0	0	0	0	0	0	0	0	1	0	0	0	0	0	0	0	0	0
Fibrobacterota	0	0	0	0	3	0	0	0	0	0	0	0	0	0	0	0	0	0	0	0	0	0	0	0	0	0	0	0	0	0	0	0	0	0	0	0
Fusobacteriota	1272	995	1832	8	4	1	1290	873	307	80	1503	1	0	1549	1051	578	4	1	5	928	3036	1031	66	15	17	2	1170	1550	530	426	10	4	2	1748	349	367
Gemmatimonadota	0	0	0	0	6	0	0	0	0	0	0	0	0	0	0	0	0	0	0	1	0	0	0	1	0	2	1	0	1	0	1	0	0	0	0	0
Halanaerobiaeota	0	0	0	0	0	0	0	0	0	0	0	0	0	0	0	0	0	0	0	0	0	0	0	0	0	0	0	0	0	3	0	0	0	0	0	0
Hydrogenedentes	0	0	0	0	0	0	0	0	0	0	0	2	0	0	0	0	0	1	0	0	0	0	0	0	0	0	0	0	0	0	0	0	0	0	0	0
Incertae Sedis	0	0	0	0	0	0	0	0	0	0	0	0	0	0	0	0	0	0	0	0	0	0	0	0	0	0	0	0	1	0	0	0	0	0	0	0
Latescibacterota	0	0	0	0	0	0	0	0	0	0	0	0	0	0	0	0	0	0	0	0	0	0	0	0	1	0	0	0	0	0	0	1	0	0	0	0
Myxococcota	0	0	1	2	3	0	0	0	0	1	0	2	1	0	0	1	0	1	3	1	1	0	0	2	1	0	0	0	1	0	5	3	2	0	0	0
Nitrospirota	0	1	0	1	0	0	0	0	0	0	0	0	1	0	0	0	0	0	0	1	1	0	0	0	0	0	0	2	1	1	0	1	2	0	0	0
Patescibacteria	191	993	1577	7	5	2	330	174	152	19	103	0	3	2646	204	1330	2	0	8	105	1170	190	51	2	5	7	356	1063	38	156	0	3	2	75	186	108
Planctomycetota	14	24	36	62	69	54	10	55	112	25	41	61	38	28	37	19	46	22	32	58	59	55	60	398	44	78	89	89	98	249	97	70	33	67	12	1654
Pseudomonadota	8539	3198	19987	1551	878	958	2443	4170	11441	843	7186	38827	54904	6993	19245	2071	714	459	361	10332	1801	7882	1217	2771	1275	832	870	7608	7306	3941	1137	899	677	3086	1934	1191
Rhodothermota	0	0	0	0	2	0	0	0	0	0	0	0	0	0	0	0	0	0	0	0	0	0	0	0	0	0	0	0	0	0	1	0	0	0	0	0
Spirochaetota	20	2	8	0	0	0	1	17	45	0	8	0	170	15	151	30	0	1	1	59	24	55	7025	2917	10	2	24	12	18	12	2	0	2	119	3	72
Sva0485	0	0	0	0	0	0	0	0	0	0	0	0	0	0	0	1	0	0	0	0	0	0	0	0	0	0	0	1	0	0	0	0	0	0	0	0
Synergistota	0	0	0	0	0	0	0	0	2	0	0	0	0	1	9	1	0	0	0	0	0	2	1	0	0	0	0	1	3	1	0	0	0	3	1	1
Thermodesulfobacteriota	1	1	2	1	1	0	0	1	0	1	1	2	0	0	4	0	0	1	0	1	0	1	1	0	0	0	1	1	0	42	0	0	1	0	1	0
Unclassified	45	109	211	1036	574	757	200	307	288	785	187	424	78	342	280	60	1347	27608	17968	358	351	275	313	2209	2203	593	419	414	484	373	917	720	1013	420	75	205
Verrucomicrobiota	0	1	0	2	3	4	0	1	4	1	0	0	0	4	0	0	1	3	0	0	0	1	0	1	2	3	0	1	19	3	2	2	3	1	1	0
WS4	0	0	0	0	0	1	0	0	0	0	0	0	0	0	0	0	0	0	0	0	0	0	0	0	0	0	0	0	0	0	0	0	0	0	0	0
Zixibacteria	0	0	0	0	0	1	0	0	0	0	0	0	0	0	0	0	0	0	0	0	0	0	0	0	0	0	0	0	0	0	0	0	0	0	0	0
